,user_id,experienced,group,patient_id,transform_type,task_id,task_index,duration_seconds,bifurcation_abs_5,bifurcation_rel,lymph_node_abs,lymph_node_tre_linear,lymph_node_tre_nonlinear,recurrence,slider_total_distance_mm,slider_usage_count,pan_total_distance_px,pan_usage_count,zoom_total_distance_px,zoom_usage_count,window_level_total_distance_px,window_level_usage_count,drag_scroll_total_distance_px,drag_scroll_usage_count,wheel_scroll_distance_c,double_click_Red1_count,double_click_Red2_count,double_click_Green1_count,double_click_Green2_count,double_click_Yellow1_count,double_click_Yellow2_count,synchronised_count,arrow_key_Red1_count,arrow_key_Red2_count,arrow_key_Green1_count,arrow_key_Green2_count,arrow_key_Yellow1_count,arrow_key_Yellow2_count
240,rad_1,False,1,calibration_1_start_0e5fp8GltvE,TransformType.NONLINEAR,a_vertebralis_r,task_idx_0021,47.37,True,0.9537471534184124,,,,,0.0,0.0,168.88943590772513,6.0,0.0,0.0,0.0,0.0,0.0,0.0,24.0,2.0,0.0,0.0,0.0,0.0,0.0,1.0,0.0,0.0,0.0,0.0,0.0,0.0
241,rad_1,False,1,calibration_1_start_0e5fp8GltvE,TransformType.NONLINEAR,a_vertebralis_l,task_idx_0022,39.287,True,3.7656897224745554,,,,,0.0,0.0,0.0,1.0,0.0,0.0,0.0,0.0,0.0,0.0,23.0,2.0,0.0,0.0,0.0,0.0,0.0,1.0,0.0,0.0,0.0,0.0,0.0,0.0
242,rad_1,False,1,calibration_1_start_0e5fp8GltvE,TransformType.NONLINEAR,a_carotisexterna_r,task_idx_0023,36.094,True,2.495563859626248,,,,,0.0,0.0,440.2238067165382,2.0,0.0,0.0,0.0,0.0,0.0,0.0,45.0,2.0,0.0,0.0,0.0,0.0,0.0,1.0,0.0,0.0,0.0,0.0,0.0,0.0
243,rad_1,False,1,calibration_1_start_0e5fp8GltvE,TransformType.NONLINEAR,a_carotisexterna_l,task_idx_0024,34.272,True,0.4143358670601523,,,,,0.0,0.0,0.0,1.0,0.0,0.0,0.0,0.0,0.0,0.0,61.0,2.0,0.0,0.0,0.0,0.0,0.0,1.0,0.0,0.0,0.0,0.0,0.0,0.0
244,rad_1,False,1,calibration_1_start_0e5fp8GltvE,TransformType.NONLINEAR,lymph_node,task_idx_0025,92.516,,,True,7.07,5.45,,0.0,0.0,225.39742678211744,2.0,0.0,0.0,0.0,0.0,0.0,0.0,166.0,2.0,0.0,0.0,0.0,0.0,0.0,3.0,0.0,0.0,0.0,0.0,0.0,0.0
245,rad_1,False,1,calibration_1_start_0e5fp8GltvE,TransformType.NONLINEAR,recurrence,task_idx_0026,270.14500000000004,,,,,,fp,0.0,0.0,492.4685144577608,20.0,0.0,0.0,0.0,0.0,0.0,0.0,1822.0,4.0,1.0,1.0,1.0,2.0,0.0,3.0,0.0,0.0,0.0,0.0,0.0,0.0
246,rad_1,False,1,calibration_2_LB9oATPd0mE,TransformType.NONE,a_vertebralis_r,task_idx_0027,148.356,True,3.566278025168078,,,,,0.0,0.0,2756.113826973496,59.0,551.076952757462,33.0,743.9600647937132,64.0,5854.053125644781,398.0,60.0,1.0,0.0,2.0,0.0,0.0,0.0,2.0,0.0,0.0,0.0,0.0,0.0,0.0
247,rad_1,False,1,calibration_2_LB9oATPd0mE,TransformType.NONE,a_vertebralis_l,task_idx_0028,69.927,True,3.4147886140673727,,,,,0.0,0.0,0.0,1.0,0.0,0.0,0.0,0.0,0.0,0.0,201.0,0.0,0.0,2.0,0.0,0.0,0.0,0.0,0.0,0.0,0.0,0.0,0.0,0.0
248,rad_1,False,1,calibration_2_LB9oATPd0mE,TransformType.NONE,a_carotisexterna_r,task_idx_0029,172.215,True,4.209359640861893,,,,,0.0,0.0,520.0857347298229,3.0,0.0,0.0,471.8177737770122,27.0,1609.4983967586431,111.0,642.0,0.0,0.0,2.0,0.0,0.0,0.0,2.0,0.0,0.0,0.0,0.0,0.0,0.0
249,rad_1,False,1,calibration_2_LB9oATPd0mE,TransformType.NONE,a_carotisexterna_l,task_idx_0030,78.01499999999999,True,2.55725813098262,,,,,0.0,0.0,0.0,1.0,0.0,0.0,350.70885277349373,39.0,0.0,0.0,261.0,0.0,0.0,2.0,0.0,0.0,0.0,0.0,0.0,0.0,0.0,0.0,0.0,0.0
250,rad_1,False,1,calibration_2_LB9oATPd0mE,TransformType.NONE,lymph_node,task_idx_0031,46.932,,,True,3.2,3.21,,0.0,0.0,502.534575924881,2.0,0.0,0.0,0.0,0.0,0.0,0.0,70.0,0.0,0.0,0.0,0.0,1.0,1.0,0.0,0.0,0.0,0.0,0.0,0.0,0.0
251,rad_1,False,1,calibration_2_LB9oATPd0mE,TransformType.NONE,recurrence,task_idx_0032,254.874,,,,,,fn,0.0,0.0,1851.1887510996355,72.0,0.0,0.0,1291.178276462196,48.0,4236.700337621983,364.0,1247.0,1.0,0.0,1.0,1.0,2.0,0.0,2.0,0.0,0.0,0.0,0.0,0.0,0.0
252,rad_1,False,1,calibration_3_2VO-i_onOGw,TransformType.LINEAR,a_vertebralis_r,task_idx_0033,84.008,False,12.576391897165404,,,,,0.0,0.0,0.0,1.0,0.0,0.0,0.0,0.0,0.0,0.0,143.0,2.0,1.0,0.0,0.0,0.0,0.0,0.0,0.0,0.0,0.0,0.0,0.0,0.0
253,rad_1,False,1,calibration_3_2VO-i_onOGw,TransformType.LINEAR,a_vertebralis_l,task_idx_0034,95.256,False,6.204389155756925,,,,,0.0,0.0,0.0,1.0,0.0,0.0,0.0,0.0,0.0,0.0,295.0,2.0,0.0,0.0,0.0,0.0,0.0,2.0,0.0,0.0,0.0,0.0,0.0,0.0
254,rad_1,False,1,calibration_3_2VO-i_onOGw,TransformType.LINEAR,a_carotisexterna_r,task_idx_0035,57.394,True,4.72842264495466,,,,,0.0,0.0,760.8891117829671,19.0,336.02209540856694,20.0,0.0,0.0,259.1347327054288,69.0,20.0,2.0,0.0,0.0,0.0,0.0,0.0,2.0,0.0,0.0,0.0,0.0,0.0,0.0
255,rad_1,False,1,calibration_3_2VO-i_onOGw,TransformType.LINEAR,a_carotisexterna_l,task_idx_0036,30.755,True,4.26220229360175,,,,,0.0,0.0,0.0,1.0,290.0913128663264,17.0,0.0,0.0,0.0,0.0,25.0,2.0,0.0,0.0,0.0,0.0,0.0,1.0,0.0,0.0,0.0,0.0,0.0,0.0
256,rad_1,False,1,calibration_3_2VO-i_onOGw,TransformType.LINEAR,lymph_node,task_idx_0037,30.511,,,True,3.2,2.47,,0.0,0.0,473.08772970771497,2.0,0.0,0.0,0.0,0.0,0.0,0.0,23.0,2.0,0.0,0.0,0.0,0.0,0.0,1.0,0.0,0.0,0.0,0.0,0.0,0.0
257,rad_1,False,1,calibration_3_2VO-i_onOGw,TransformType.LINEAR,recurrence,task_idx_0038,443.532,,,,,,fn,0.0,0.0,443.2549465248086,13.0,0.0,0.0,2220.451404105897,104.0,2767.420422740572,163.0,1231.0,3.0,0.0,2.0,0.0,1.0,1.0,9.0,0.0,0.0,0.0,0.0,0.0,0.0
258,rad_1,False,1,hkvdD_XVYqo,TransformType.NONLINEAR,a_vertebralis_r,task_idx_0039,72.668,False,5.376340028985703,,,,,0.0,0.0,461.41087980237313,2.0,0.0,0.0,0.0,0.0,0.0,0.0,178.0,2.0,1.0,1.0,1.0,0.0,0.0,2.0,0.0,0.0,0.0,0.0,0.0,0.0
259,rad_1,False,1,hkvdD_XVYqo,TransformType.NONLINEAR,a_vertebralis_l,task_idx_0040,60.94,False,24.666311402573008,,,,,0.0,0.0,0.0,0.0,0.0,0.0,167.25465584061482,11.0,569.5826257426734,112.0,155.0,0.0,0.0,2.0,0.0,0.0,0.0,1.0,0.0,0.0,0.0,0.0,0.0,0.0
260,rad_1,False,1,hkvdD_XVYqo,TransformType.NONLINEAR,a_carotisexterna_r,task_idx_0041,48.56,False,12.770998818186436,,,,,0.0,0.0,1241.284722367613,31.0,733.6737564335189,44.0,0.0,0.0,0.0,0.0,121.0,2.0,0.0,0.0,0.0,0.0,0.0,1.0,0.0,0.0,0.0,0.0,0.0,0.0
261,rad_1,False,1,hkvdD_XVYqo,TransformType.NONLINEAR,a_carotisexterna_l,task_idx_0042,43.05,False,19.21001792703405,,,,,0.0,0.0,813.7158494695731,28.0,0.0,0.0,0.0,0.0,0.0,0.0,150.0,2.0,0.0,0.0,0.0,0.0,0.0,0.0,0.0,0.0,0.0,0.0,0.0,0.0
262,rad_1,False,1,hkvdD_XVYqo,TransformType.NONLINEAR,lymph_node,task_idx_0043,41.033,,,True,4.39,3.2,,0.0,0.0,1344.7311988235488,31.0,126.39366315418454,12.0,0.0,0.0,188.65845751442956,19.0,53.0,2.0,0.0,0.0,0.0,0.0,0.0,0.0,0.0,0.0,0.0,0.0,0.0,0.0
263,rad_1,False,1,hkvdD_XVYqo,TransformType.NONLINEAR,recurrence,task_idx_0044,203.801,,,,,,fp,0.0,0.0,398.52440142251714,26.0,140.80673144353173,18.0,2759.900598539087,126.0,0.0,0.0,971.0,2.0,0.0,1.0,0.0,0.0,0.0,4.0,0.0,0.0,0.0,0.0,0.0,0.0
264,rad_1,False,1,ccucLKGWtSQ,TransformType.LINEAR,a_vertebralis_r,task_idx_0045,48.778,True,3.881549750792389,,,,,0.0,0.0,0.0,1.0,0.0,0.0,0.0,0.0,0.0,0.0,185.0,0.0,0.0,1.0,0.0,0.0,0.0,1.0,0.0,0.0,0.0,0.0,0.0,0.0
265,rad_1,False,1,ccucLKGWtSQ,TransformType.LINEAR,a_vertebralis_l,task_idx_0046,27.474,False,8.07555281785985,,,,,0.0,0.0,0.0,1.0,0.0,0.0,0.0,0.0,0.0,0.0,45.0,0.0,0.0,2.0,0.0,0.0,0.0,0.0,0.0,0.0,0.0,0.0,0.0,0.0
266,rad_1,False,1,ccucLKGWtSQ,TransformType.LINEAR,a_carotisexterna_r,task_idx_0047,51.241,False,18.056001485061177,,,,,0.0,0.0,0.0,0.0,0.0,0.0,0.0,0.0,0.0,0.0,121.0,2.0,0.0,0.0,0.0,0.0,0.0,1.0,0.0,0.0,0.0,0.0,0.0,0.0
267,rad_1,False,1,ccucLKGWtSQ,TransformType.LINEAR,a_carotisexterna_l,task_idx_0048,27.34,False,24.827484431827305,,,,,0.0,0.0,0.0,1.0,0.0,0.0,0.0,0.0,0.0,0.0,56.0,2.0,0.0,0.0,0.0,0.0,0.0,0.0,0.0,0.0,0.0,0.0,0.0,0.0
268,rad_1,False,1,ccucLKGWtSQ,TransformType.LINEAR,lymph_node,task_idx_0049,82.43,,,False,11.63,9.69,,0.0,0.0,973.6871092093648,25.0,207.2433987978839,16.0,0.0,0.0,0.0,0.0,404.0,1.0,1.0,0.0,0.0,0.0,0.0,1.0,0.0,0.0,0.0,0.0,0.0,0.0
269,rad_1,False,1,ccucLKGWtSQ,TransformType.LINEAR,recurrence,task_idx_0050,257.968,,,,,,fp,0.0,0.0,1784.902218324489,73.0,1481.4769374920356,61.0,0.0,0.0,95.69617910774772,13.0,349.0,0.0,0.0,0.0,0.0,3.0,1.0,8.0,0.0,0.0,0.0,0.0,0.0,0.0
270,rad_1,False,1,2w1vVKUCbcg,TransformType.NONE,a_vertebralis_r,task_idx_0051,24.204,True,3.270367746886712,,,,,0.0,0.0,0.0,0.0,0.0,0.0,0.0,0.0,0.0,0.0,68.0,0.0,0.0,2.0,0.0,0.0,0.0,0.0,0.0,0.0,0.0,0.0,0.0,0.0
271,rad_1,False,1,2w1vVKUCbcg,TransformType.NONE,a_vertebralis_l,task_idx_0052,43.181,False,13.397390174015577,,,,,0.0,0.0,0.0,1.0,0.0,0.0,0.0,0.0,0.0,0.0,153.0,0.0,0.0,2.0,0.0,0.0,0.0,0.0,0.0,0.0,0.0,0.0,0.0,0.0
272,rad_1,False,1,2w1vVKUCbcg,TransformType.NONE,a_carotisexterna_r,task_idx_0053,85.441,True,1.2593190181749432,,,,,0.0,0.0,1058.9664135622374,25.0,386.1482591419333,33.0,0.0,0.0,1450.2546716184188,147.0,330.0,1.0,1.0,2.0,0.0,0.0,0.0,0.0,0.0,0.0,0.0,0.0,0.0,0.0
273,rad_1,False,1,2w1vVKUCbcg,TransformType.NONE,a_carotisexterna_l,task_idx_0054,33.825,False,8.78014042687922,,,,,0.0,0.0,0.0,1.0,0.0,0.0,0.0,0.0,0.0,0.0,115.0,2.0,0.0,0.0,0.0,0.0,0.0,0.0,0.0,0.0,0.0,0.0,0.0,0.0
274,rad_1,False,1,2w1vVKUCbcg,TransformType.NONE,lymph_node,task_idx_0055,36.099,,,True,25.94,3.8,,0.0,0.0,737.2279796093749,23.0,0.0,0.0,0.0,0.0,1954.9270864740372,118.0,2.0,2.0,0.0,0.0,0.0,0.0,0.0,0.0,0.0,0.0,0.0,0.0,0.0,0.0
275,rad_1,False,1,2w1vVKUCbcg,TransformType.NONE,recurrence,task_idx_0056,185.342,,,,,,tp,95.39999999999998,15.0,7438.869628991939,128.0,1400.0176175292902,58.0,1653.040222963891,39.0,13747.317232122125,489.0,194.0,2.0,0.0,2.0,0.0,2.0,0.0,4.0,0.0,0.0,0.0,0.0,0.0,0.0
276,rad_1,False,1,CSSdmYlgjew,TransformType.NONLINEAR,a_vertebralis_r,task_idx_0057,56.684,True,2.704591704880424,,,,,0.0,0.0,0.0,1.0,0.0,0.0,0.0,0.0,0.0,0.0,178.0,0.0,0.0,2.0,0.0,0.0,0.0,0.0,0.0,0.0,0.0,0.0,0.0,0.0
277,rad_1,False,1,CSSdmYlgjew,TransformType.NONLINEAR,a_vertebralis_l,task_idx_0058,28.426,True,3.847466233711321,,,,,0.0,0.0,0.0,0.0,0.0,0.0,0.0,0.0,0.0,0.0,49.0,0.0,0.0,2.0,0.0,0.0,0.0,0.0,0.0,0.0,0.0,0.0,0.0,0.0
278,rad_1,False,1,CSSdmYlgjew,TransformType.NONLINEAR,a_carotisexterna_r,task_idx_0059,50.96,False,12.453192857077976,,,,,0.0,0.0,0.0,0.0,0.0,0.0,0.0,0.0,0.0,0.0,31.0,0.0,0.0,0.0,0.0,2.0,0.0,1.0,0.0,0.0,0.0,0.0,0.0,0.0
279,rad_1,False,1,CSSdmYlgjew,TransformType.NONLINEAR,a_carotisexterna_l,task_idx_0060,47.954,True,3.027105662387792,,,,,0.0,0.0,491.193321537002,5.0,100.46478645726594,11.0,0.0,0.0,0.0,0.0,125.0,0.0,0.0,2.0,0.0,0.0,0.0,0.0,0.0,0.0,0.0,0.0,0.0,0.0
280,rad_1,False,1,CSSdmYlgjew,TransformType.NONLINEAR,lymph_node,task_idx_0061,27.872,,,True,6.26,1.04,,0.0,0.0,0.0,1.0,0.0,0.0,0.0,0.0,0.0,0.0,55.0,0.0,0.0,0.0,0.0,2.0,0.0,1.0,0.0,0.0,0.0,0.0,0.0,0.0
281,rad_1,False,1,CSSdmYlgjew,TransformType.NONLINEAR,recurrence,task_idx_0062,177.136,,,,,,tn,173.8,25.0,3294.155453371824,105.0,1278.3352756585311,86.0,0.0,0.0,2125.144545211094,139.0,112.0,0.0,0.0,2.0,2.0,0.0,0.0,6.0,0.0,0.0,0.0,0.0,0.0,0.0
282,rad_1,False,1,96-du2ceM4o,TransformType.LINEAR,a_vertebralis_r,task_idx_0063,24.948,True,3.052126913084447,,,,,0.0,0.0,509.23079247036895,2.0,0.0,0.0,0.0,0.0,0.0,0.0,36.0,0.0,0.0,2.0,0.0,0.0,0.0,1.0,0.0,0.0,0.0,0.0,0.0,0.0
283,rad_1,False,1,96-du2ceM4o,TransformType.LINEAR,a_vertebralis_l,task_idx_0064,26.497,True,4.397800145966236,,,,,0.0,0.0,1.4142135623730951,2.0,0.0,0.0,0.0,0.0,0.0,0.0,10.0,0.0,0.0,2.0,0.0,0.0,0.0,1.0,0.0,0.0,0.0,0.0,0.0,0.0
284,rad_1,False,1,96-du2ceM4o,TransformType.LINEAR,a_carotisexterna_r,task_idx_0065,25.292,True,2.234520341259714,,,,,0.0,0.0,0.0,0.0,0.0,0.0,0.0,0.0,0.0,0.0,40.0,0.0,0.0,1.0,1.0,0.0,0.0,1.0,0.0,0.0,0.0,0.0,0.0,0.0
285,rad_1,False,1,96-du2ceM4o,TransformType.LINEAR,a_carotisexterna_l,task_idx_0066,43.591,True,2.531168005496869,,,,,0.0,0.0,0.0,0.0,0.0,0.0,0.0,0.0,0.0,0.0,89.0,0.0,0.0,1.0,1.0,0.0,0.0,2.0,0.0,0.0,0.0,0.0,0.0,0.0
286,rad_1,False,1,96-du2ceM4o,TransformType.LINEAR,lymph_node,task_idx_0067,15.531,,,True,2.22,1.32,,0.0,0.0,0.0,0.0,0.0,0.0,0.0,0.0,0.0,0.0,0.0,1.0,1.0,0.0,0.0,0.0,0.0,1.0,0.0,0.0,0.0,0.0,0.0,0.0
287,rad_1,False,1,96-du2ceM4o,TransformType.LINEAR,recurrence,task_idx_0068,284.749,,,,,,tn,0.0,0.0,4838.320250195883,137.0,1841.595093506169,61.0,0.0,0.0,436.5381886430779,83.0,267.0,2.0,0.0,0.0,0.0,0.0,0.0,5.0,0.0,0.0,0.0,0.0,0.0,0.0
288,rad_1,False,1,WeMcC01ZNgY,TransformType.NONLINEAR,a_vertebralis_r,task_idx_0069,21.635,True,2.900215824132668,,,,,0.0,0.0,0.0,1.0,0.0,0.0,0.0,0.0,0.0,0.0,0.0,0.0,0.0,2.0,0.0,0.0,0.0,1.0,0.0,0.0,0.0,0.0,0.0,0.0
289,rad_1,False,1,WeMcC01ZNgY,TransformType.NONLINEAR,a_vertebralis_l,task_idx_0070,46.224,True,3.220622161083795,,,,,0.0,0.0,273.0883135514967,10.0,0.0,0.0,0.0,0.0,0.0,0.0,44.0,0.0,0.0,2.0,0.0,0.0,0.0,3.0,0.0,0.0,0.0,0.0,0.0,0.0
290,rad_1,False,1,WeMcC01ZNgY,TransformType.NONLINEAR,a_carotisexterna_r,task_idx_0071,31.517,True,2.3832203370411897,,,,,0.0,0.0,1.0,2.0,0.0,0.0,0.0,0.0,0.0,0.0,39.0,0.0,0.0,0.0,0.0,0.0,2.0,3.0,0.0,0.0,0.0,0.0,0.0,0.0
291,rad_1,False,1,WeMcC01ZNgY,TransformType.NONLINEAR,a_carotisexterna_l,task_idx_0072,18.637,True,0.7084047586003666,,,,,0.0,0.0,0.0,0.0,0.0,0.0,0.0,0.0,0.0,0.0,0.0,0.0,0.0,1.0,1.0,0.0,0.0,1.0,0.0,0.0,0.0,0.0,0.0,0.0
292,rad_1,False,1,WeMcC01ZNgY,TransformType.NONLINEAR,lymph_node,task_idx_0073,15.834,,,True,1.64,1.25,,0.0,0.0,0.0,0.0,0.0,0.0,0.0,0.0,0.0,0.0,0.0,0.0,0.0,0.0,0.0,1.0,1.0,1.0,0.0,0.0,0.0,0.0,0.0,0.0
293,rad_1,False,1,WeMcC01ZNgY,TransformType.NONLINEAR,recurrence,task_idx_0074,106.847,,,,,,fp,0.0,0.0,5048.345825818172,126.0,1923.8618579492609,82.0,3370.8795596392424,177.0,3818.9142306606113,260.0,43.0,2.0,0.0,0.0,0.0,0.0,0.0,4.0,0.0,0.0,0.0,0.0,0.0,0.0
294,rad_1,False,1,CD8Gu0llvgk,TransformType.LINEAR,a_vertebralis_r,task_idx_0075,30.159,False,11.30519278308173,,,,,0.0,0.0,427.154538779585,2.0,0.0,0.0,0.0,0.0,0.0,0.0,75.0,0.0,0.0,2.0,0.0,0.0,0.0,1.0,0.0,0.0,0.0,0.0,0.0,0.0
295,rad_1,False,1,CD8Gu0llvgk,TransformType.LINEAR,a_vertebralis_l,task_idx_0076,40.782,False,20.51255032896524,,,,,0.0,0.0,363.7925232876564,2.0,0.0,0.0,0.0,0.0,0.0,0.0,114.0,0.0,0.0,1.0,1.0,0.0,0.0,2.0,0.0,0.0,0.0,0.0,0.0,0.0
296,rad_1,False,1,CD8Gu0llvgk,TransformType.LINEAR,a_carotisexterna_r,task_idx_0077,72.711,True,2.7719042283465614,,,,,0.0,0.0,0.0,0.0,0.0,0.0,0.0,0.0,0.0,0.0,122.0,2.0,0.0,0.0,0.0,1.0,1.0,1.0,0.0,0.0,0.0,0.0,0.0,0.0
297,rad_1,False,1,CD8Gu0llvgk,TransformType.LINEAR,a_carotisexterna_l,task_idx_0078,16.706,False,6.514066642425788,,,,,0.0,0.0,0.0,1.0,0.0,0.0,0.0,0.0,0.0,0.0,0.0,2.0,0.0,0.0,0.0,0.0,0.0,1.0,0.0,0.0,0.0,0.0,0.0,0.0
298,rad_1,False,1,CD8Gu0llvgk,TransformType.LINEAR,lymph_node,task_idx_0079,24.485,,,True,1.69,1.96,,0.0,0.0,264.70549673174526,2.0,0.0,0.0,0.0,0.0,0.0,0.0,19.0,1.0,1.0,0.0,0.0,1.0,1.0,1.0,0.0,0.0,0.0,0.0,0.0,0.0
299,rad_1,False,1,CD8Gu0llvgk,TransformType.LINEAR,recurrence,task_idx_0080,108.331,,,,,,fp,0.0,0.0,3791.369075502193,144.0,2724.845925704841,124.0,0.0,0.0,0.0,0.0,166.0,0.0,0.0,0.0,0.0,0.0,0.0,2.0,0.0,0.0,0.0,0.0,0.0,0.0
300,rad_1,False,1,TMxGak0IQOg,TransformType.LINEAR,a_vertebralis_r,task_idx_0081,43.201,False,7.602413080203407,,,,,0.0,0.0,0.0,0.0,0.0,0.0,0.0,0.0,0.0,0.0,70.0,0.0,0.0,1.0,1.0,0.0,0.0,1.0,0.0,0.0,0.0,0.0,0.0,0.0
301,rad_1,False,1,TMxGak0IQOg,TransformType.LINEAR,a_vertebralis_l,task_idx_0082,30.71,True,3.514110577042672,,,,,0.0,0.0,356.0589838776716,2.0,0.0,0.0,0.0,0.0,0.0,0.0,76.0,0.0,0.0,1.0,1.0,0.0,0.0,1.0,0.0,0.0,0.0,0.0,0.0,0.0
302,rad_1,False,1,TMxGak0IQOg,TransformType.LINEAR,a_carotisexterna_r,task_idx_0083,18.786,True,2.5438480201272,,,,,0.0,0.0,0.0,1.0,0.0,0.0,0.0,0.0,0.0,0.0,0.0,1.0,1.0,0.0,0.0,0.0,0.0,1.0,0.0,0.0,0.0,0.0,0.0,0.0
303,rad_1,False,1,TMxGak0IQOg,TransformType.LINEAR,a_carotisexterna_l,task_idx_0084,17.073,True,3.675634174008047,,,,,0.0,0.0,0.0,0.0,0.0,0.0,0.0,0.0,0.0,0.0,0.0,2.0,0.0,0.0,0.0,0.0,0.0,1.0,0.0,0.0,0.0,0.0,0.0,0.0
304,rad_1,False,1,TMxGak0IQOg,TransformType.LINEAR,lymph_node,task_idx_0085,26.306,,,True,17.51,6.15,,0.0,0.0,212.2557498316788,9.0,357.3114852751259,17.0,0.0,0.0,0.0,0.0,16.0,1.0,1.0,0.0,0.0,0.0,0.0,1.0,0.0,0.0,0.0,0.0,0.0,0.0
305,rad_1,False,1,TMxGak0IQOg,TransformType.LINEAR,recurrence,task_idx_0086,230.084,,,,,,fn,0.0,0.0,5338.970105648651,161.0,3749.1213314589327,156.0,3901.038688795441,207.0,4821.4825756608025,331.0,407.0,2.0,0.0,0.0,0.0,0.0,0.0,6.0,0.0,0.0,0.0,0.0,0.0,0.0
306,rad_1,False,1,g-chOlbtzBQ,TransformType.NONLINEAR,a_vertebralis_r,task_idx_0087,43.003,True,0.3313427703823032,,,,,0.0,0.0,0.0,1.0,0.0,0.0,0.0,0.0,0.0,0.0,94.0,0.0,0.0,1.0,1.0,0.0,0.0,2.0,0.0,0.0,0.0,0.0,0.0,0.0
307,rad_1,False,1,g-chOlbtzBQ,TransformType.NONLINEAR,a_vertebralis_l,task_idx_0088,24.298,True,3.413378039367916,,,,,0.0,0.0,0.0,0.0,0.0,0.0,0.0,0.0,0.0,0.0,33.0,0.0,0.0,1.0,1.0,0.0,0.0,2.0,0.0,0.0,0.0,0.0,0.0,0.0
308,rad_1,False,1,g-chOlbtzBQ,TransformType.NONLINEAR,a_carotisexterna_r,task_idx_0089,27.735,True,1.779134945144581,,,,,0.0,0.0,0.0,0.0,0.0,0.0,0.0,0.0,0.0,0.0,24.0,1.0,1.0,0.0,2.0,0.0,0.0,1.0,0.0,0.0,0.0,0.0,0.0,0.0
309,rad_1,False,1,g-chOlbtzBQ,TransformType.NONLINEAR,a_carotisexterna_l,task_idx_0090,21.712,False,6.076394103166584,,,,,0.0,0.0,0.0,0.0,0.0,0.0,0.0,0.0,0.0,0.0,13.0,1.0,1.0,0.0,0.0,0.0,0.0,1.0,0.0,0.0,0.0,0.0,0.0,0.0
310,rad_1,False,1,g-chOlbtzBQ,TransformType.NONLINEAR,lymph_node,task_idx_0091,25.517,,,True,4.11,1.52,,0.0,0.0,0.0,1.0,0.0,0.0,0.0,0.0,0.0,0.0,9.0,0.0,0.0,0.0,0.0,1.0,1.0,1.0,0.0,0.0,0.0,0.0,0.0,0.0
311,rad_1,False,1,g-chOlbtzBQ,TransformType.NONLINEAR,recurrence,task_idx_0092,379.72,,,,,,fp,0.0,0.0,5781.597140899679,158.0,4081.805391520363,211.0,1.0,2.0,2452.467002678513,225.0,642.0,0.0,0.0,0.0,0.0,1.0,1.0,14.0,0.0,0.0,0.0,0.0,0.0,0.0
312,rad_1,False,1,7IZ0hAktN78,TransformType.NONE,a_vertebralis_r,task_idx_0093,100.1,False,7.1580680746347225,,,,,0.0,0.0,111.40017953306898,2.0,249.9044942981677,21.0,37.78049716414141,4.0,2353.363494986499,548.0,17.0,1.0,1.0,2.0,2.0,0.0,0.0,0.0,0.0,0.0,0.0,0.0,0.0,0.0
313,rad_1,False,1,7IZ0hAktN78,TransformType.NONE,a_vertebralis_l,task_idx_0094,57.048,True,3.5702815740284755,,,,,0.0,0.0,354.2033314354906,2.0,0.0,0.0,0.0,0.0,1519.9219729268912,399.0,0.0,0.0,0.0,1.0,1.0,0.0,0.0,0.0,0.0,0.0,0.0,0.0,0.0,0.0
314,rad_1,False,1,7IZ0hAktN78,TransformType.NONE,a_carotisexterna_r,task_idx_0095,61.987,False,20.37365394066606,,,,,0.0,0.0,0.0,1.0,0.0,0.0,0.0,0.0,3090.136920675299,490.0,0.0,1.0,1.0,0.0,0.0,0.0,0.0,0.0,0.0,0.0,0.0,0.0,0.0,0.0
315,rad_1,False,1,7IZ0hAktN78,TransformType.NONE,a_carotisexterna_l,task_idx_0096,28.625,False,19.46740974154721,,,,,0.0,0.0,256.3133877373742,6.0,0.0,0.0,0.0,0.0,448.0496552947942,94.0,0.0,0.0,0.0,1.0,1.0,0.0,0.0,0.0,0.0,0.0,0.0,0.0,0.0,0.0
316,rad_1,False,1,7IZ0hAktN78,TransformType.NONE,lymph_node,task_idx_0097,36.376,,,True,3.6,2.57,,0.0,0.0,2616.853908780872,50.0,397.3422198036407,12.0,0.0,0.0,1983.776298484464,159.0,0.0,0.0,0.0,0.0,0.0,1.0,1.0,0.0,0.0,0.0,0.0,0.0,0.0,0.0
317,rad_1,False,1,7IZ0hAktN78,TransformType.NONE,recurrence,task_idx_0098,211.182,,,,,,tn,0.0,0.0,10299.315701173036,286.0,4555.067853943095,172.0,0.0,0.0,2806.0256017078377,267.0,353.0,0.0,0.0,1.0,1.0,0.0,0.0,4.0,0.0,0.0,0.0,0.0,0.0,0.0
318,rad_1,False,1,7SwVHAAw5lM,TransformType.NONE,a_vertebralis_r,task_idx_0099,48.773,True,2.6219020888535214,,,,,0.0,0.0,1655.909643804702,38.0,2242.1655381342184,81.0,0.0,0.0,2349.885308305932,209.0,1.0,0.0,0.0,1.0,1.0,0.0,0.0,0.0,0.0,0.0,0.0,0.0,0.0,0.0
319,rad_1,False,1,7SwVHAAw5lM,TransformType.NONE,a_vertebralis_l,task_idx_0100,31.424,False,19.502091160026254,,,,,0.0,0.0,992.1824332008356,28.0,42.118243176108166,6.0,0.0,0.0,573.3186357406563,133.0,0.0,0.0,0.0,2.0,0.0,0.0,0.0,0.0,0.0,0.0,0.0,0.0,0.0,0.0
320,rad_1,False,1,7SwVHAAw5lM,TransformType.NONE,a_carotisexterna_r,task_idx_0101,68.738,False,8.360350930517217,,,,,0.0,0.0,1926.907617784493,35.0,2002.0173613525164,76.0,2024.4575703573844,83.0,2575.575923998909,211.0,0.0,1.0,1.0,0.0,0.0,0.0,0.0,1.0,0.0,0.0,0.0,0.0,0.0,0.0
321,rad_1,False,1,7SwVHAAw5lM,TransformType.NONE,a_carotisexterna_l,task_idx_0102,28.677,False,17.687174764742732,,,,,0.0,0.0,1086.4130155906723,23.0,379.9697427542821,30.0,0.0,0.0,261.7807190508099,67.0,0.0,2.0,0.0,0.0,0.0,0.0,0.0,0.0,0.0,0.0,0.0,0.0,0.0,0.0
322,rad_1,False,1,7SwVHAAw5lM,TransformType.NONE,lymph_node,task_idx_0103,30.917,,,True,3.0,2.92,,0.0,0.0,900.4272164550325,19.0,82.29238898425916,8.0,0.0,0.0,448.463409463283,64.0,0.0,1.0,1.0,0.0,0.0,0.0,0.0,0.0,0.0,0.0,0.0,0.0,0.0,0.0
323,rad_1,False,1,7SwVHAAw5lM,TransformType.NONE,recurrence,task_idx_0104,159.053,,,,,,fp,0.0,0.0,7886.351280303978,234.0,3013.167402825784,120.0,180.53117624951332,22.0,3213.3093244335496,262.0,453.0,0.0,0.0,0.0,0.0,0.0,0.0,2.0,0.0,0.0,0.0,0.0,0.0,0.0
324,rad_1,False,1,87J-_CHHkzI,TransformType.LINEAR,a_vertebralis_r,task_idx_0105,26.336,True,4.385023669707577,,,,,0.0,0.0,1.4142135623730951,2.0,0.0,0.0,0.0,0.0,0.0,0.0,32.0,0.0,0.0,1.0,1.0,0.0,0.0,1.0,0.0,0.0,0.0,0.0,0.0,0.0
325,rad_1,False,1,87J-_CHHkzI,TransformType.LINEAR,a_vertebralis_l,task_idx_0106,61.236,False,5.196726766772043,,,,,0.0,0.0,1.0,2.0,0.0,0.0,0.0,0.0,0.0,0.0,141.0,0.0,0.0,1.0,1.0,0.0,0.0,3.0,0.0,0.0,0.0,0.0,0.0,0.0
326,rad_1,False,1,87J-_CHHkzI,TransformType.LINEAR,a_carotisexterna_r,task_idx_0107,22.255,True,2.046675473704363,,,,,0.0,0.0,0.0,1.0,0.0,0.0,0.0,0.0,0.0,0.0,22.0,1.0,1.0,0.0,0.0,0.0,0.0,1.0,0.0,0.0,0.0,0.0,0.0,0.0
327,rad_1,False,1,87J-_CHHkzI,TransformType.LINEAR,a_carotisexterna_l,task_idx_0108,41.463,True,1.2480167837012928,,,,,0.0,0.0,0.0,0.0,0.0,0.0,0.0,0.0,0.0,0.0,137.0,1.0,1.0,0.0,0.0,0.0,0.0,2.0,0.0,0.0,0.0,0.0,0.0,0.0
328,rad_1,False,1,87J-_CHHkzI,TransformType.LINEAR,lymph_node,task_idx_0109,17.212,,,True,8.47,3.4,,0.0,0.0,0.0,1.0,0.0,0.0,0.0,0.0,0.0,0.0,0.0,1.0,1.0,0.0,0.0,0.0,0.0,1.0,0.0,0.0,0.0,0.0,0.0,0.0
329,rad_1,False,1,87J-_CHHkzI,TransformType.LINEAR,recurrence,task_idx_0110,191.552,,,,,,tn,0.0,0.0,3289.650229407614,96.0,1884.548823003923,94.0,0.0,0.0,2692.501270926007,167.0,515.0,0.0,0.0,0.0,0.0,0.0,0.0,6.0,0.0,0.0,0.0,0.0,0.0,0.0
330,rad_1,False,1,aBQe2EfmXv8,TransformType.NONE,a_vertebralis_r,task_idx_0111,32.822,True,2.437244851147202,,,,,0.0,0.0,1216.7475134581073,27.0,0.0,0.0,0.0,0.0,1056.6702329813172,105.0,1.0,0.0,0.0,1.0,1.0,0.0,0.0,0.0,0.0,0.0,0.0,0.0,0.0,0.0
331,rad_1,False,1,aBQe2EfmXv8,TransformType.NONE,a_vertebralis_l,task_idx_0112,19.218,True,2.1149875149051254,,,,,0.0,0.0,340.5762141894762,7.0,0.0,0.0,0.0,0.0,93.08406554243962,39.0,0.0,0.0,0.0,1.0,1.0,0.0,0.0,0.0,0.0,0.0,0.0,0.0,0.0,0.0
332,rad_1,False,1,aBQe2EfmXv8,TransformType.NONE,a_carotisexterna_r,task_idx_0113,42.413,True,1.869662852400363,,,,,0.0,0.0,3084.146467855546,50.0,1954.8314556510604,63.0,0.0,0.0,2110.5908435030065,150.0,1.0,1.0,1.0,0.0,0.0,0.0,0.0,0.0,0.0,0.0,0.0,0.0,0.0,0.0
333,rad_1,False,1,aBQe2EfmXv8,TransformType.NONE,a_carotisexterna_l,task_idx_0114,31.116,True,2.650011121127642,,,,,0.0,0.0,2802.961490749773,35.0,1706.6611329780062,66.0,0.0,0.0,147.69053280962788,36.0,0.0,2.0,0.0,0.0,0.0,0.0,0.0,0.0,0.0,0.0,0.0,0.0,0.0,0.0
334,rad_1,False,1,aBQe2EfmXv8,TransformType.NONE,lymph_node,task_idx_0115,28.703,,,True,8.49,3.43,,0.0,0.0,802.3579461958152,27.0,63.43322524782991,8.0,0.0,0.0,482.7072025873524,80.0,0.0,1.0,1.0,0.0,0.0,0.0,0.0,0.0,0.0,0.0,0.0,0.0,0.0,0.0
335,rad_1,False,1,aBQe2EfmXv8,TransformType.NONE,recurrence,task_idx_0116,189.591,,,,,,tp,0.0,0.0,3198.011478849172,137.0,1704.7499933983252,81.0,0.0,0.0,3033.605412698323,257.0,501.0,0.0,0.0,0.0,0.0,0.0,0.0,6.0,0.0,0.0,0.0,0.0,0.0,0.0
336,rad_1,False,1,2pO8AtRxHAg,TransformType.NONE,a_vertebralis_r,task_idx_0117,155.19699999999995,False,12.370086497300822,,,,,374.1,42.0,6442.707655118162,167.0,2464.949516050477,77.0,546.9570405362817,24.0,12362.679307077704,884.0,17.0,3.0,1.0,7.0,1.0,0.0,0.0,0.0,0.0,0.0,0.0,0.0,0.0,0.0
337,rad_1,False,1,2pO8AtRxHAg,TransformType.NONE,a_vertebralis_l,task_idx_0118,38.861,True,3.9593321158987385,,,,,0.0,0.0,176.0968181326406,4.0,0.0,0.0,0.0,0.0,915.3108534725596,225.0,0.0,1.0,1.0,0.0,0.0,0.0,0.0,0.0,0.0,0.0,0.0,0.0,0.0,0.0
338,rad_1,False,1,2pO8AtRxHAg,TransformType.NONE,a_carotisexterna_r,task_idx_0119,34.677,True,1.2703382704133412,,,,,0.0,0.0,545.2815653342434,19.0,706.6060694506976,30.0,0.0,0.0,2821.5469226282635,144.0,0.0,1.0,1.0,0.0,0.0,0.0,0.0,0.0,0.0,0.0,0.0,0.0,0.0,0.0
339,rad_1,False,1,2pO8AtRxHAg,TransformType.NONE,a_carotisexterna_l,task_idx_0120,20.123,False,6.323583184987503,,,,,0.0,0.0,783.0010648698163,33.0,287.9140947836497,22.0,0.0,0.0,281.9998842852043,84.0,0.0,0.0,0.0,0.0,0.0,0.0,0.0,0.0,0.0,0.0,0.0,0.0,0.0,0.0
340,rad_1,False,1,2pO8AtRxHAg,TransformType.NONE,lymph_node,task_idx_0121,32.448,,,True,1.56,1.4,,0.0,0.0,309.4311149738142,4.0,755.9698120645418,18.0,0.0,0.0,666.0329278163196,123.0,0.0,1.0,1.0,0.0,0.0,0.0,0.0,0.0,0.0,0.0,0.0,0.0,0.0,0.0
341,rad_1,False,1,2pO8AtRxHAg,TransformType.NONE,recurrence,task_idx_0122,208.456,,,,,,fn,0.0,0.0,3155.469372107423,96.0,482.1118004573358,43.0,2936.0034776285097,105.0,6191.780696526377,959.0,0.0,4.0,0.0,0.0,0.0,1.0,1.0,5.0,0.0,0.0,0.0,0.0,0.0,0.0
342,rad_1,False,1,6WB8wP4uAl0,TransformType.NONE,a_vertebralis_r,task_idx_0123,54.347,False,27.433619396736106,,,,,0.0,0.0,1008.99432846376,29.0,35.475155258478765,5.0,0.0,0.0,1737.1797470139077,401.0,0.0,0.0,0.0,2.0,0.0,0.0,0.0,0.0,0.0,0.0,0.0,0.0,0.0,0.0
343,rad_1,False,1,6WB8wP4uAl0,TransformType.NONE,a_vertebralis_l,task_idx_0124,34.914,False,13.172800505257287,,,,,0.0,0.0,425.9753866541657,8.0,0.0,0.0,0.0,0.0,504.12473028950114,204.0,0.0,0.0,0.0,2.0,0.0,0.0,0.0,0.0,0.0,0.0,0.0,0.0,0.0,0.0
344,rad_1,False,1,6WB8wP4uAl0,TransformType.NONE,a_carotisexterna_r,task_idx_0125,23.899,True,2.5053252283085894,,,,,0.0,0.0,849.1767764061788,26.0,0.0,0.0,0.0,0.0,730.6847094548773,69.0,0.0,1.0,1.0,0.0,0.0,0.0,0.0,0.0,0.0,0.0,0.0,0.0,0.0,0.0
345,rad_1,False,1,6WB8wP4uAl0,TransformType.NONE,a_carotisexterna_l,task_idx_0126,15.247,True,2.6901340944494327,,,,,0.0,0.0,630.0373342154842,3.0,0.0,0.0,0.0,0.0,129.82276836867845,41.0,0.0,2.0,0.0,0.0,0.0,0.0,0.0,0.0,0.0,0.0,0.0,0.0,0.0,0.0
346,rad_1,False,1,6WB8wP4uAl0,TransformType.NONE,lymph_node,task_idx_0127,14.868,,,True,1.81,1.86,,0.0,0.0,0.0,0.0,0.0,0.0,0.0,0.0,115.71764324538036,28.0,0.0,1.0,1.0,0.0,0.0,0.0,0.0,0.0,0.0,0.0,0.0,0.0,0.0,0.0
347,rad_1,False,1,6WB8wP4uAl0,TransformType.NONE,recurrence,task_idx_0128,138.311,,,,,,tn,0.0,0.0,4120.515301882938,93.0,2174.0658148470684,100.0,0.0,0.0,2203.297475490805,191.0,31.0,2.0,0.0,0.0,0.0,0.0,0.0,2.0,0.0,0.0,0.0,0.0,0.0,0.0
348,rad_1,False,1,F-JlS0Cl1K0,TransformType.NONLINEAR,a_vertebralis_r,task_idx_0129,20.276,True,2.135808656637602,,,,,0.0,0.0,0.0,0.0,0.0,0.0,0.0,0.0,0.0,0.0,21.0,0.0,0.0,1.0,1.0,0.0,0.0,2.0,0.0,0.0,0.0,0.0,0.0,0.0
349,rad_1,False,1,F-JlS0Cl1K0,TransformType.NONLINEAR,a_vertebralis_l,task_idx_0130,10.214,True,4.250765713422281,,,,,0.0,0.0,0.0,1.0,0.0,0.0,0.0,0.0,0.0,0.0,0.0,0.0,0.0,1.0,1.0,0.0,0.0,1.0,0.0,0.0,0.0,0.0,0.0,0.0
350,rad_1,False,1,F-JlS0Cl1K0,TransformType.NONLINEAR,a_carotisexterna_r,task_idx_0131,16.241,True,0.6008247032443699,,,,,0.0,0.0,0.0,1.0,0.0,0.0,0.0,0.0,0.0,0.0,0.0,0.0,1.0,0.0,2.0,0.0,0.0,1.0,0.0,0.0,0.0,0.0,0.0,0.0
351,rad_1,False,1,F-JlS0Cl1K0,TransformType.NONLINEAR,a_carotisexterna_l,task_idx_0132,9.948,True,2.120801295323681,,,,,0.0,0.0,0.0,0.0,0.0,0.0,0.0,0.0,0.0,0.0,0.0,1.0,0.0,0.0,0.0,0.0,0.0,1.0,0.0,0.0,0.0,0.0,0.0,0.0
352,rad_1,False,1,F-JlS0Cl1K0,TransformType.NONLINEAR,lymph_node,task_idx_0133,11.295,,,True,0.95,1.34,,0.0,0.0,0.0,1.0,0.0,0.0,0.0,0.0,0.0,0.0,0.0,0.0,0.0,0.0,0.0,0.0,1.0,1.0,0.0,0.0,0.0,0.0,0.0,0.0
353,rad_1,False,1,F-JlS0Cl1K0,TransformType.NONLINEAR,recurrence,task_idx_0134,308.646,,,,,,tn,0.0,0.0,6032.469551223121,177.0,2676.3433621222657,118.0,260.6848069919946,19.0,2429.185652670264,159.0,652.0,2.0,0.0,0.0,0.0,0.0,1.0,8.0,0.0,0.0,0.0,0.0,0.0,0.0
354,rad_1,False,1,I307KZkh1VM,TransformType.NONLINEAR,a_vertebralis_r,task_idx_0135,25.165,False,7.133942294675792,,,,,0.0,0.0,0.0,1.0,0.0,0.0,0.0,0.0,0.0,0.0,39.0,0.0,0.0,1.0,1.0,0.0,0.0,2.0,0.0,0.0,0.0,0.0,0.0,0.0
355,rad_1,False,1,I307KZkh1VM,TransformType.NONLINEAR,a_vertebralis_l,task_idx_0136,10.65,True,4.934000490059478,,,,,0.0,0.0,0.0,1.0,0.0,0.0,0.0,0.0,0.0,0.0,0.0,0.0,0.0,1.0,1.0,0.0,0.0,1.0,0.0,0.0,0.0,0.0,0.0,0.0
356,rad_1,False,1,I307KZkh1VM,TransformType.NONLINEAR,a_carotisexterna_r,task_idx_0137,12.008,True,2.5596515856712525,,,,,0.0,0.0,0.0,1.0,0.0,0.0,0.0,0.0,0.0,0.0,0.0,0.0,0.0,2.0,0.0,0.0,0.0,1.0,0.0,0.0,0.0,0.0,0.0,0.0
357,rad_1,False,1,I307KZkh1VM,TransformType.NONLINEAR,a_carotisexterna_l,task_idx_0138,17.035,True,1.2993313804392936,,,,,0.0,0.0,0.0,1.0,0.0,0.0,0.0,0.0,0.0,0.0,22.0,2.0,0.0,0.0,0.0,0.0,0.0,1.0,0.0,0.0,0.0,0.0,0.0,0.0
358,rad_1,False,1,I307KZkh1VM,TransformType.NONLINEAR,lymph_node,task_idx_0139,13.435,,,True,7.4,4.01,,0.0,0.0,0.0,1.0,0.0,0.0,0.0,0.0,0.0,0.0,5.0,0.0,0.0,0.0,0.0,0.0,1.0,1.0,0.0,0.0,0.0,0.0,0.0,0.0
359,rad_1,False,1,I307KZkh1VM,TransformType.NONLINEAR,recurrence,task_idx_0140,199.821,,,,,,tn,0.0,0.0,4651.017930885742,103.0,2788.2942123846587,108.0,0.0,0.0,256.8947062185104,69.0,307.0,1.0,1.0,1.0,1.0,0.0,1.0,6.0,0.0,0.0,0.0,0.0,0.0,0.0
360,rad_1,False,1,yYcNJD5knnY,TransformType.NONLINEAR,a_vertebralis_r,task_idx_0141,15.702,True,2.723869972978648,,,,,0.0,0.0,0.0,0.0,0.0,0.0,0.0,0.0,0.0,0.0,0.0,0.0,0.0,0.0,1.0,0.0,0.0,1.0,0.0,0.0,0.0,0.0,0.0,0.0
361,rad_1,False,1,yYcNJD5knnY,TransformType.NONLINEAR,a_vertebralis_l,task_idx_0142,9.659,True,0.7172431233251861,,,,,0.0,0.0,0.0,0.0,0.0,0.0,0.0,0.0,0.0,0.0,0.0,0.0,0.0,0.0,0.0,0.0,0.0,1.0,0.0,0.0,0.0,0.0,0.0,0.0
362,rad_1,False,1,yYcNJD5knnY,TransformType.NONLINEAR,a_carotisexterna_r,task_idx_0143,13.891,True,3.5166731765169144,,,,,0.0,0.0,497.6946855251721,2.0,0.0,0.0,0.0,0.0,0.0,0.0,0.0,1.0,0.0,1.0,0.0,0.0,0.0,1.0,0.0,0.0,0.0,0.0,0.0,0.0
363,rad_1,False,1,yYcNJD5knnY,TransformType.NONLINEAR,a_carotisexterna_l,task_idx_0144,11.751,True,2.136302507378029,,,,,0.0,0.0,0.0,0.0,0.0,0.0,0.0,0.0,0.0,0.0,0.0,0.0,0.0,0.0,0.0,0.0,0.0,2.0,0.0,0.0,0.0,0.0,0.0,0.0
364,rad_1,False,1,yYcNJD5knnY,TransformType.NONLINEAR,lymph_node,task_idx_0145,9.682,,,True,2.29,2.19,,0.0,0.0,0.0,0.0,0.0,0.0,0.0,0.0,0.0,0.0,0.0,0.0,0.0,0.0,0.0,0.0,0.0,1.0,0.0,0.0,0.0,0.0,0.0,0.0
365,rad_1,False,1,yYcNJD5knnY,TransformType.NONLINEAR,recurrence,task_idx_0146,39.178,,,,,,fp,0.0,0.0,0.0,1.0,0.0,0.0,0.0,0.0,3496.0257100210456,186.0,39.0,0.0,1.0,0.0,0.0,0.0,0.0,1.0,0.0,0.0,0.0,0.0,0.0,0.0
366,rad_1,False,1,CCL2MqdD19g,TransformType.LINEAR,a_vertebralis_r,task_idx_0147,16.969,True,2.896060302100993,,,,,0.0,0.0,0.0,1.0,0.0,0.0,0.0,0.0,0.0,0.0,30.0,0.0,0.0,1.0,1.0,0.0,0.0,1.0,0.0,0.0,0.0,0.0,0.0,0.0
367,rad_1,False,1,CCL2MqdD19g,TransformType.LINEAR,a_vertebralis_l,task_idx_0148,8.079,False,5.527603364586179,,,,,0.0,0.0,0.0,0.0,0.0,0.0,0.0,0.0,0.0,0.0,0.0,0.0,0.0,0.0,1.0,0.0,0.0,0.0,0.0,0.0,0.0,0.0,0.0,0.0
368,rad_1,False,1,CCL2MqdD19g,TransformType.LINEAR,a_carotisexterna_r,task_idx_0149,19.764,True,2.126851215655004,,,,,0.0,0.0,0.0,1.0,0.0,0.0,0.0,0.0,0.0,0.0,25.0,1.0,0.0,1.0,0.0,0.0,0.0,1.0,0.0,0.0,0.0,0.0,0.0,0.0
369,rad_1,False,1,CCL2MqdD19g,TransformType.LINEAR,a_carotisexterna_l,task_idx_0150,25.313,True,1.4303320176498708,,,,,0.0,0.0,0.0,0.0,0.0,0.0,0.0,0.0,0.0,0.0,80.0,1.0,0.0,0.0,0.0,0.0,0.0,0.0,0.0,0.0,0.0,0.0,0.0,0.0
370,rad_1,False,1,CCL2MqdD19g,TransformType.LINEAR,lymph_node,task_idx_0151,13.932,,,True,4.72,4.39,,0.0,0.0,3.23606797749979,3.0,0.0,0.0,0.0,0.0,0.0,0.0,0.0,0.0,0.0,0.0,0.0,0.0,1.0,1.0,0.0,0.0,0.0,0.0,0.0,0.0
371,rad_1,False,1,CCL2MqdD19g,TransformType.LINEAR,recurrence,task_idx_0152,148.562,,,,,,tn,0.0,0.0,1801.9465357098568,57.0,1325.718519034997,75.0,0.0,0.0,3528.755314642092,375.0,157.0,0.0,0.0,0.0,0.0,1.0,0.0,3.0,0.0,0.0,0.0,0.0,0.0,0.0
372,rad_1,False,1,hmJfXqxVMk0,TransformType.LINEAR,a_vertebralis_r,task_idx_0153,25.057,False,17.94666682337953,,,,,0.0,0.0,0.0,0.0,0.0,0.0,0.0,0.0,0.0,0.0,49.0,0.0,0.0,1.0,1.0,0.0,0.0,2.0,0.0,0.0,0.0,0.0,0.0,0.0
373,rad_1,False,1,hmJfXqxVMk0,TransformType.LINEAR,a_vertebralis_l,task_idx_0154,15.809,True,4.875580402731386,,,,,0.0,0.0,26.218714502999315,14.0,0.0,0.0,0.0,0.0,0.0,0.0,29.0,0.0,0.0,0.0,1.0,0.0,0.0,1.0,0.0,0.0,0.0,0.0,0.0,0.0
374,rad_1,False,1,hmJfXqxVMk0,TransformType.LINEAR,a_carotisexterna_r,task_idx_0155,18.002,True,2.632789682727415,,,,,0.0,0.0,0.0,1.0,0.0,0.0,0.0,0.0,0.0,0.0,44.0,1.0,0.0,1.0,0.0,0.0,0.0,1.0,0.0,0.0,0.0,0.0,0.0,0.0
375,rad_1,False,1,hmJfXqxVMk0,TransformType.LINEAR,a_carotisexterna_l,task_idx_0156,23.535,True,2.656477257070565,,,,,0.0,0.0,0.0,0.0,0.0,0.0,0.0,0.0,0.0,0.0,67.0,0.0,0.0,0.0,0.0,0.0,0.0,1.0,0.0,0.0,0.0,0.0,0.0,0.0
376,rad_1,False,1,hmJfXqxVMk0,TransformType.LINEAR,lymph_node,task_idx_0157,7.796,,,True,3.32,1.36,,0.0,0.0,0.0,0.0,0.0,0.0,0.0,0.0,0.0,0.0,0.0,0.0,0.0,0.0,0.0,0.0,0.0,1.0,0.0,0.0,0.0,0.0,0.0,0.0
377,rad_1,False,1,hmJfXqxVMk0,TransformType.LINEAR,recurrence,task_idx_0158,184.334,,,,,,fn,0.0,0.0,4331.511168493852,104.0,2195.72686638083,94.0,0.0,0.0,1577.0210133805642,107.0,271.0,1.0,0.0,0.0,0.0,0.0,0.0,5.0,0.0,0.0,0.0,0.0,0.0,0.0
378,rad_1,False,1,VUIaoA1iqhI,TransformType.NONLINEAR,a_vertebralis_r,task_idx_0159,9.123,True,2.873866675160406,,,,,0.0,0.0,0.0,1.0,0.0,0.0,0.0,0.0,0.0,0.0,0.0,0.0,0.0,0.0,1.0,0.0,0.0,1.0,0.0,0.0,0.0,0.0,0.0,0.0
379,rad_1,False,1,VUIaoA1iqhI,TransformType.NONLINEAR,a_vertebralis_l,task_idx_0160,29.127,True,2.79606136153776,,,,,0.0,0.0,23.915802461647605,7.0,0.0,0.0,0.0,0.0,0.0,0.0,15.0,0.0,0.0,0.0,0.0,0.0,0.0,2.0,0.0,0.0,0.0,0.0,0.0,0.0
380,rad_1,False,1,VUIaoA1iqhI,TransformType.NONLINEAR,a_carotisexterna_r,task_idx_0161,13.904,True,2.1515351539803262,,,,,0.0,0.0,638.5209471896752,2.0,0.0,0.0,0.0,0.0,0.0,0.0,0.0,1.0,0.0,1.0,0.0,0.0,0.0,1.0,0.0,0.0,0.0,0.0,0.0,0.0
381,rad_1,False,1,VUIaoA1iqhI,TransformType.NONLINEAR,a_carotisexterna_l,task_idx_0162,9.456,True,0.8503745154058069,,,,,0.0,0.0,0.0,0.0,0.0,0.0,0.0,0.0,0.0,0.0,0.0,0.0,0.0,0.0,0.0,0.0,0.0,1.0,0.0,0.0,0.0,0.0,0.0,0.0
382,rad_1,False,1,VUIaoA1iqhI,TransformType.NONLINEAR,lymph_node,task_idx_0163,18.639,,,False,7.86,2.7,,0.0,0.0,0.0,0.0,0.0,0.0,0.0,0.0,0.0,0.0,0.0,0.0,1.0,0.0,0.0,0.0,0.0,1.0,0.0,0.0,0.0,0.0,0.0,0.0
383,rad_1,False,1,VUIaoA1iqhI,TransformType.NONLINEAR,recurrence,task_idx_0164,82.156,,,,,,tp,0.0,0.0,4162.599413286786,114.0,2922.374553124196,110.0,0.0,0.0,3999.9206798603423,139.0,2.0,0.0,0.0,0.0,0.0,0.0,0.0,3.0,0.0,0.0,0.0,0.0,0.0,0.0
384,rad_1,False,1,0f9SYhwcPFc,TransformType.NONE,a_vertebralis_r,task_idx_0165,20.905,False,6.336891258640352,,,,,0.0,0.0,450.7262215498429,15.0,742.5119879381277,67.0,0.0,0.0,873.1478306598893,69.0,0.0,0.0,0.0,0.0,1.0,0.0,0.0,0.0,0.0,0.0,0.0,0.0,0.0,0.0
385,rad_1,False,1,0f9SYhwcPFc,TransformType.NONE,a_vertebralis_l,task_idx_0166,14.756,False,8.919163831757569,,,,,0.0,0.0,0.0,1.0,0.0,0.0,0.0,0.0,265.92102118019665,87.0,0.0,0.0,0.0,0.0,0.0,0.0,0.0,0.0,0.0,0.0,0.0,0.0,0.0,0.0
386,rad_1,False,1,0f9SYhwcPFc,TransformType.NONE,a_carotisexterna_r,task_idx_0167,51.652,False,18.36226214674928,,,,,0.0,0.0,1680.2703491062437,20.0,0.0,0.0,866.4425630501809,46.0,3302.071647926316,379.0,1.0,3.0,1.0,0.0,1.0,0.0,0.0,0.0,0.0,0.0,0.0,0.0,0.0,0.0
387,rad_1,False,1,0f9SYhwcPFc,TransformType.NONE,a_carotisexterna_l,task_idx_0168,45.961,True,3.375511348535505,,,,,0.0,0.0,1485.632904572919,35.0,446.60851694427663,14.0,0.0,0.0,2883.771779253741,338.0,0.0,2.0,0.0,0.0,0.0,0.0,0.0,0.0,0.0,0.0,0.0,0.0,0.0,0.0
388,rad_1,False,1,0f9SYhwcPFc,TransformType.NONE,lymph_node,task_idx_0169,9.886,,,True,7.01,3.71,,0.0,0.0,539.351462406472,2.0,0.0,0.0,0.0,0.0,62.800659713056206,17.0,0.0,1.0,0.0,0.0,0.0,0.0,0.0,0.0,0.0,0.0,0.0,0.0,0.0,0.0
389,rad_1,False,1,0f9SYhwcPFc,TransformType.NONE,recurrence,task_idx_0170,132.759,,,,,,fp,0.0,0.0,4005.505824644864,105.0,2633.1773864193106,106.0,0.0,0.0,6641.073118547557,489.0,15.0,1.0,0.0,1.0,0.0,0.0,0.0,4.0,0.0,0.0,0.0,0.0,0.0,0.0
390,rad_1,False,1,XKgRKTaLeEo,TransformType.NONLINEAR,a_vertebralis_r,task_idx_0171,17.319,True,1.5074435451760393,,,,,0.0,0.0,0.0,0.0,0.0,0.0,0.0,0.0,0.0,0.0,18.0,0.0,0.0,0.0,0.0,0.0,0.0,1.0,0.0,0.0,0.0,0.0,0.0,0.0
391,rad_1,False,1,XKgRKTaLeEo,TransformType.NONLINEAR,a_vertebralis_l,task_idx_0172,12.771,True,3.883352052624988,,,,,0.0,0.0,0.0,0.0,0.0,0.0,0.0,0.0,0.0,0.0,16.0,0.0,0.0,0.0,0.0,0.0,0.0,1.0,0.0,0.0,0.0,0.0,0.0,0.0
392,rad_1,False,1,XKgRKTaLeEo,TransformType.NONLINEAR,a_carotisexterna_r,task_idx_0173,16.273,False,6.798222817512524,,,,,0.0,0.0,519.8628253914171,5.0,0.0,0.0,0.0,0.0,0.0,0.0,0.0,1.0,0.0,1.0,0.0,0.0,0.0,1.0,0.0,0.0,0.0,0.0,0.0,0.0
393,rad_1,False,1,XKgRKTaLeEo,TransformType.NONLINEAR,a_carotisexterna_l,task_idx_0174,8.431,True,2.2727151295172585,,,,,0.0,0.0,0.0,0.0,0.0,0.0,0.0,0.0,0.0,0.0,0.0,0.0,0.0,0.0,0.0,0.0,0.0,1.0,0.0,0.0,0.0,0.0,0.0,0.0
394,rad_1,False,1,XKgRKTaLeEo,TransformType.NONLINEAR,lymph_node,task_idx_0175,9.105,,,False,24.63,20.5,,0.0,0.0,0.0,0.0,0.0,0.0,0.0,0.0,0.0,0.0,0.0,0.0,0.0,0.0,0.0,0.0,0.0,1.0,0.0,0.0,0.0,0.0,0.0,0.0
395,rad_1,False,1,XKgRKTaLeEo,TransformType.NONLINEAR,recurrence,task_idx_0176,75.95,,,,,,fp,0.0,0.0,2639.2439552026417,65.0,1579.3153479007267,87.0,0.0,0.0,3022.352545366475,114.0,103.0,1.0,0.0,0.0,0.0,0.0,0.0,2.0,0.0,0.0,0.0,0.0,0.0,0.0
396,rad_1,False,1,7sp2FiVa4WI,TransformType.NONE,a_vertebralis_r,task_idx_0177,45.416,False,32.53990317607458,,,,,0.0,0.0,610.4022396412913,14.0,0.0,0.0,0.0,0.0,2359.548012730804,349.0,0.0,0.0,0.0,1.0,1.0,0.0,0.0,0.0,0.0,0.0,0.0,0.0,0.0,0.0
397,rad_1,False,1,7sp2FiVa4WI,TransformType.NONE,a_vertebralis_l,task_idx_0178,33.83,False,19.504497945831258,,,,,0.0,0.0,1085.4097239147022,17.0,0.0,0.0,0.0,0.0,1156.1202806468984,176.0,0.0,0.0,0.0,2.0,0.0,0.0,0.0,0.0,0.0,0.0,0.0,0.0,0.0,0.0
398,rad_1,False,1,7sp2FiVa4WI,TransformType.NONE,a_carotisexterna_r,task_idx_0179,54.56,False,5.785100785764941,,,,,0.0,0.0,1142.1256246515732,8.0,0.0,0.0,46.48528137423857,17.0,3987.809526744515,409.0,0.0,2.0,0.0,0.0,0.0,0.0,0.0,0.0,0.0,0.0,0.0,0.0,0.0,0.0
399,rad_1,False,1,7sp2FiVa4WI,TransformType.NONE,a_carotisexterna_l,task_idx_0180,40.703,False,12.274219155797988,,,,,0.0,0.0,526.382053180486,4.0,0.0,0.0,0.0,0.0,2023.822751711512,329.0,0.0,1.0,1.0,0.0,0.0,0.0,0.0,0.0,0.0,0.0,0.0,0.0,0.0,0.0
400,rad_1,False,1,7sp2FiVa4WI,TransformType.NONE,lymph_node,task_idx_0181,17.095,,,True,9.11,2.66,,0.0,0.0,550.2501636376239,19.0,0.0,0.0,0.0,0.0,1054.3162477207336,80.0,0.0,0.0,1.0,0.0,0.0,0.0,0.0,0.0,0.0,0.0,0.0,0.0,0.0,0.0
401,rad_1,False,1,7sp2FiVa4WI,TransformType.NONE,recurrence,task_idx_0182,184.703,,,,,,fn,0.5999999999999999,2.0,8699.249865744088,228.0,3881.473480151843,176.0,0.0,0.0,16020.97036046593,1171.0,0.0,1.0,0.0,0.0,0.0,0.0,0.0,3.0,0.0,0.0,0.0,0.0,0.0,0.0
402,rad_1,False,1,1q_1_G-1EPM,TransformType.NONE,a_vertebralis_r,task_idx_0183,18.056,True,4.077453602104908,,,,,0.0,0.0,1.4142135623730951,2.0,0.0,0.0,0.0,0.0,545.4518553149596,76.0,0.0,0.0,0.0,0.0,1.0,0.0,0.0,0.0,0.0,0.0,0.0,0.0,0.0,0.0
403,rad_1,False,1,1q_1_G-1EPM,TransformType.NONE,a_vertebralis_l,task_idx_0184,12.32,True,2.517885380752937,,,,,0.0,0.0,0.0,0.0,0.0,0.0,0.0,0.0,259.7063813903983,65.0,0.0,0.0,0.0,0.0,0.0,0.0,0.0,0.0,0.0,0.0,0.0,0.0,0.0,0.0
404,rad_1,False,1,1q_1_G-1EPM,TransformType.NONE,a_carotisexterna_r,task_idx_0185,44.357,True,2.282963900863107,,,,,0.0,0.0,1558.9895047689913,12.0,0.0,0.0,0.0,0.0,3835.712447597967,349.0,2.0,1.0,0.0,1.0,0.0,0.0,0.0,0.0,0.0,0.0,0.0,0.0,0.0,0.0
405,rad_1,False,1,1q_1_G-1EPM,TransformType.NONE,a_carotisexterna_l,task_idx_0186,9.813,True,1.5947386080128645,,,,,0.0,0.0,0.0,1.0,0.0,0.0,0.0,0.0,192.10652151172383,38.0,0.0,0.0,0.0,0.0,0.0,0.0,0.0,0.0,0.0,0.0,0.0,0.0,0.0,0.0
406,rad_1,False,1,1q_1_G-1EPM,TransformType.NONE,lymph_node,task_idx_0187,86.816,,,False,25.31,20.7,,0.0,0.0,904.0610442025386,7.0,0.0,0.0,0.0,0.0,4834.551476417939,522.0,0.0,3.0,0.0,0.0,0.0,2.0,1.0,0.0,0.0,0.0,0.0,0.0,0.0,0.0
407,rad_1,False,1,1q_1_G-1EPM,TransformType.NONE,recurrence,task_idx_0188,258.464,,,,,,tn,0.0,0.0,7156.739970810001,215.0,2468.089651369872,101.0,0.0,0.0,16805.910177162776,1862.0,45.0,0.0,0.0,0.0,0.0,1.0,0.0,2.0,0.0,0.0,0.0,0.0,0.0,0.0
408,rad_1,False,1,urqkluKweXA,TransformType.NONLINEAR,a_vertebralis_r,task_idx_0189,15.096,True,1.7598428523898828,,,,,0.0,0.0,0.0,1.0,0.0,0.0,0.0,0.0,0.0,0.0,10.0,0.0,0.0,0.0,1.0,0.0,0.0,1.0,0.0,0.0,0.0,0.0,0.0,0.0
409,rad_1,False,1,urqkluKweXA,TransformType.NONLINEAR,a_vertebralis_l,task_idx_0190,12.885,True,3.902182552039928,,,,,0.0,0.0,0.0,0.0,0.0,0.0,0.0,0.0,0.0,0.0,9.0,0.0,0.0,0.0,0.0,0.0,0.0,1.0,0.0,0.0,0.0,0.0,0.0,0.0
410,rad_1,False,1,urqkluKweXA,TransformType.NONLINEAR,a_carotisexterna_r,task_idx_0191,11.371,True,1.3660498611102834,,,,,0.0,0.0,516.2331496812776,3.0,0.0,0.0,0.0,0.0,0.0,0.0,0.0,1.0,0.0,1.0,0.0,0.0,0.0,1.0,0.0,0.0,0.0,0.0,0.0,0.0
411,rad_1,False,1,urqkluKweXA,TransformType.NONLINEAR,a_carotisexterna_l,task_idx_0192,7.725,True,1.5699120821782966,,,,,0.0,0.0,0.0,0.0,0.0,0.0,0.0,0.0,0.0,0.0,0.0,0.0,0.0,0.0,0.0,0.0,0.0,1.0,0.0,0.0,0.0,0.0,0.0,0.0
412,rad_1,False,1,urqkluKweXA,TransformType.NONLINEAR,lymph_node,task_idx_0193,15.729,,,True,3.95,7.17,,0.0,0.0,0.0,0.0,0.0,0.0,0.0,0.0,0.0,0.0,0.0,1.0,0.0,0.0,0.0,0.0,0.0,1.0,0.0,0.0,0.0,0.0,0.0,0.0
413,rad_1,False,1,urqkluKweXA,TransformType.NONLINEAR,recurrence,task_idx_0194,181.17,,,,,,fp,0.0,0.0,4701.409321366015,128.0,3884.6235475058447,134.0,0.0,0.0,4901.084594727963,239.0,1.0,0.0,0.0,0.0,0.0,0.0,0.0,6.0,0.0,0.0,0.0,0.0,0.0,0.0
414,rad_1,False,1,eiJvX7Bw25o,TransformType.LINEAR,a_vertebralis_r,task_idx_0195,13.734,False,12.369384712124347,,,,,0.0,0.0,0.0,1.0,0.0,0.0,0.0,0.0,0.0,0.0,7.0,0.0,0.0,0.0,1.0,0.0,0.0,1.0,0.0,0.0,0.0,0.0,0.0,0.0
415,rad_1,False,1,eiJvX7Bw25o,TransformType.LINEAR,a_vertebralis_l,task_idx_0196,12.982,False,16.669795277463123,,,,,0.0,0.0,0.0,0.0,0.0,0.0,0.0,0.0,0.0,0.0,30.0,0.0,0.0,0.0,0.0,0.0,0.0,1.0,0.0,0.0,0.0,0.0,0.0,0.0
416,rad_1,False,1,eiJvX7Bw25o,TransformType.LINEAR,a_carotisexterna_r,task_idx_0197,19.749,True,2.8493147050633327,,,,,0.0,0.0,343.3547442331003,10.0,0.0,0.0,0.0,0.0,0.0,0.0,11.0,1.0,0.0,1.0,0.0,0.0,0.0,1.0,0.0,0.0,0.0,0.0,0.0,0.0
417,rad_1,False,1,eiJvX7Bw25o,TransformType.LINEAR,a_carotisexterna_l,task_idx_0198,7.672,True,4.07860523017044,,,,,0.0,0.0,0.0,0.0,0.0,0.0,0.0,0.0,0.0,0.0,0.0,0.0,0.0,0.0,0.0,0.0,0.0,1.0,0.0,0.0,0.0,0.0,0.0,0.0
418,rad_1,False,1,eiJvX7Bw25o,TransformType.LINEAR,lymph_node,task_idx_0199,8.572,,,True,5.08,4.34,,0.0,0.0,0.0,0.0,0.0,0.0,0.0,0.0,0.0,0.0,13.0,0.0,0.0,0.0,0.0,0.0,0.0,1.0,0.0,0.0,0.0,0.0,0.0,0.0
419,rad_1,False,1,eiJvX7Bw25o,TransformType.LINEAR,recurrence,task_idx_0200,161.63,,,,,,tp,0.0,0.0,2736.832683942273,71.0,941.9768473507246,54.0,0.0,0.0,6812.844920544379,513.0,2.0,1.0,0.0,0.0,0.0,0.0,0.0,4.0,0.0,0.0,0.0,0.0,0.0,0.0
420,rad_1,False,1,a9ebcF7RKU4,TransformType.LINEAR,a_vertebralis_r,task_idx_0201,17.792,False,9.657169892293696,,,,,0.0,0.0,0.0,1.0,0.0,0.0,0.0,0.0,328.1482770483417,58.0,0.0,0.0,0.0,1.0,0.0,0.0,0.0,1.0,0.0,0.0,0.0,0.0,0.0,0.0
421,rad_1,False,1,a9ebcF7RKU4,TransformType.LINEAR,a_vertebralis_l,task_idx_0202,21.056,False,14.333805886574533,,,,,0.0,0.0,0.0,0.0,0.0,0.0,0.0,0.0,281.2297407928116,82.0,0.0,0.0,0.0,0.0,0.0,0.0,0.0,1.0,0.0,0.0,0.0,0.0,0.0,0.0
422,rad_1,False,1,a9ebcF7RKU4,TransformType.LINEAR,a_carotisexterna_r,task_idx_0203,16.915,True,4.179338435675941,,,,,0.0,0.0,0.0,1.0,0.0,0.0,0.0,0.0,87.04185654471854,26.0,0.0,1.0,0.0,1.0,0.0,0.0,0.0,1.0,0.0,0.0,0.0,0.0,0.0,0.0
423,rad_1,False,1,a9ebcF7RKU4,TransformType.LINEAR,a_carotisexterna_l,task_idx_0204,5.319,True,4.596277210297575,,,,,0.0,0.0,0.0,0.0,0.0,0.0,0.0,0.0,0.0,0.0,0.0,0.0,0.0,0.0,0.0,0.0,0.0,1.0,0.0,0.0,0.0,0.0,0.0,0.0
424,rad_1,False,1,a9ebcF7RKU4,TransformType.LINEAR,lymph_node,task_idx_0205,5.687,,,True,2.73,2.23,,0.0,0.0,0.0,0.0,0.0,0.0,0.0,0.0,0.0,0.0,0.0,0.0,0.0,0.0,0.0,0.0,0.0,1.0,0.0,0.0,0.0,0.0,0.0,0.0
425,rad_1,False,1,a9ebcF7RKU4,TransformType.LINEAR,recurrence,task_idx_0206,112.183,,,,,,tn,0.0,0.0,2434.6893337918355,55.0,1197.7382213228516,60.0,0.0,0.0,3776.383406690076,247.0,0.0,1.0,0.0,0.0,0.0,0.0,0.0,4.0,0.0,0.0,0.0,0.0,0.0,0.0
426,rad_1,False,1,pP5CHNLQspI,TransformType.LINEAR,a_vertebralis_r,task_idx_0207,18.978,True,2.0925080340413467,,,,,0.0,0.0,0.0,0.0,0.0,0.0,0.0,0.0,173.85772916848998,48.0,0.0,0.0,0.0,0.0,1.0,0.0,0.0,1.0,0.0,0.0,0.0,0.0,0.0,0.0
427,rad_1,False,1,pP5CHNLQspI,TransformType.LINEAR,a_vertebralis_l,task_idx_0208,18.162,False,15.18483427310545,,,,,0.0,0.0,0.0,0.0,0.0,0.0,0.0,0.0,353.6751760959255,89.0,0.0,0.0,0.0,0.0,0.0,0.0,0.0,2.0,0.0,0.0,0.0,0.0,0.0,0.0
428,rad_1,False,1,pP5CHNLQspI,TransformType.LINEAR,a_carotisexterna_r,task_idx_0209,29.917,True,3.44931885323874,,,,,0.0,0.0,184.71599822430107,2.0,0.0,0.0,0.0,0.0,464.4214504742407,137.0,0.0,1.0,0.0,0.0,1.0,0.0,0.0,1.0,0.0,0.0,0.0,0.0,0.0,0.0
429,rad_1,False,1,pP5CHNLQspI,TransformType.LINEAR,a_carotisexterna_l,task_idx_0210,59.741,False,5.529108063594243,,,,,0.0,0.0,158.63673882744814,4.0,0.0,0.0,0.0,0.0,946.2172190587931,261.0,0.0,1.0,0.0,0.0,0.0,2.0,0.0,3.0,0.0,0.0,0.0,0.0,0.0,0.0
430,rad_1,False,1,pP5CHNLQspI,TransformType.LINEAR,lymph_node,task_idx_0211,13.662,,,True,13.78,7.84,,0.0,0.0,0.0,0.0,0.0,0.0,0.0,0.0,0.0,0.0,0.0,1.0,1.0,0.0,0.0,0.0,0.0,1.0,0.0,0.0,0.0,0.0,0.0,0.0
431,rad_1,False,1,pP5CHNLQspI,TransformType.LINEAR,recurrence,task_idx_0212,47.186,,,,,,tp,0.0,0.0,2657.5971966509237,61.0,1184.7269469116964,58.0,0.0,0.0,2010.1570589974133,57.0,2.0,0.0,0.0,0.0,0.0,0.0,0.0,3.0,0.0,0.0,0.0,0.0,0.0,0.0
432,rad_1,False,1,Of-K39ULY0Q,TransformType.LINEAR,a_vertebralis_r,task_idx_0213,7.579,True,3.077616542765972,,,,,0.0,0.0,0.0,0.0,0.0,0.0,0.0,0.0,0.0,0.0,0.0,0.0,0.0,0.0,1.0,0.0,0.0,1.0,0.0,0.0,0.0,0.0,0.0,0.0
433,rad_1,False,1,Of-K39ULY0Q,TransformType.LINEAR,a_vertebralis_l,task_idx_0214,5.319,True,3.1095429008499105,,,,,0.0,0.0,0.0,0.0,0.0,0.0,0.0,0.0,0.0,0.0,0.0,0.0,0.0,0.0,0.0,0.0,0.0,1.0,0.0,0.0,0.0,0.0,0.0,0.0
434,rad_1,False,1,Of-K39ULY0Q,TransformType.LINEAR,a_carotisexterna_r,task_idx_0215,9.494,True,2.8882682405508557,,,,,0.0,0.0,1.0,2.0,0.0,0.0,0.0,0.0,0.0,0.0,0.0,1.0,0.0,1.0,0.0,0.0,0.0,1.0,0.0,0.0,0.0,0.0,0.0,0.0
435,rad_1,False,1,Of-K39ULY0Q,TransformType.LINEAR,a_carotisexterna_l,task_idx_0216,5.084,True,2.9895774952074405,,,,,0.0,0.0,0.0,0.0,0.0,0.0,0.0,0.0,0.0,0.0,0.0,0.0,0.0,0.0,0.0,0.0,0.0,1.0,0.0,0.0,0.0,0.0,0.0,0.0
436,rad_1,False,1,Of-K39ULY0Q,TransformType.LINEAR,lymph_node,task_idx_0217,7.019,,,True,4.29,1.68,,0.0,0.0,0.0,0.0,0.0,0.0,0.0,0.0,0.0,0.0,0.0,0.0,0.0,0.0,0.0,0.0,0.0,1.0,0.0,0.0,0.0,0.0,0.0,0.0
437,rad_1,False,1,Of-K39ULY0Q,TransformType.LINEAR,recurrence,task_idx_0218,133.765,,,,,,fn,0.0,0.0,4162.481908107002,71.0,871.231627617955,52.0,33.0,11.0,6339.751055655273,401.0,0.0,3.0,0.0,0.0,0.0,0.0,0.0,5.0,0.0,0.0,0.0,0.0,0.0,0.0
438,rad_1,False,1,TwU508CCA9Y,TransformType.NONLINEAR,a_vertebralis_r,task_idx_0219,9.004,True,3.5072300221145256,,,,,0.0,0.0,0.0,0.0,0.0,0.0,0.0,0.0,0.0,0.0,0.0,0.0,0.0,0.0,1.0,0.0,0.0,1.0,0.0,0.0,0.0,0.0,0.0,0.0
439,rad_1,False,1,TwU508CCA9Y,TransformType.NONLINEAR,a_vertebralis_l,task_idx_0220,12.424,False,10.588595867381963,,,,,0.0,0.0,0.0,0.0,0.0,0.0,0.0,0.0,39.41421356237309,16.0,0.0,0.0,0.0,0.0,0.0,0.0,0.0,1.0,0.0,0.0,0.0,0.0,0.0,0.0
440,rad_1,False,1,TwU508CCA9Y,TransformType.NONLINEAR,a_carotisexterna_r,task_idx_0221,13.593,True,0.8266810414828561,,,,,0.0,0.0,0.0,0.0,0.0,0.0,0.0,0.0,79.70632948568354,35.0,0.0,1.0,0.0,1.0,0.0,0.0,0.0,1.0,0.0,0.0,0.0,0.0,0.0,0.0
441,rad_1,False,1,TwU508CCA9Y,TransformType.NONLINEAR,a_carotisexterna_l,task_idx_0222,8.838,True,1.4459458565298275,,,,,0.0,0.0,0.0,0.0,0.0,0.0,0.0,0.0,0.0,0.0,0.0,0.0,0.0,0.0,0.0,0.0,0.0,1.0,0.0,0.0,0.0,0.0,0.0,0.0
442,rad_1,False,1,TwU508CCA9Y,TransformType.NONLINEAR,lymph_node,task_idx_0223,5.393,,,True,5.66,0.26,,0.0,0.0,0.0,0.0,0.0,0.0,0.0,0.0,0.0,0.0,0.0,0.0,0.0,0.0,0.0,0.0,0.0,1.0,0.0,0.0,0.0,0.0,0.0,0.0
443,rad_1,False,1,TwU508CCA9Y,TransformType.NONLINEAR,recurrence,task_idx_0224,151.134,,,,,,fn,0.0,0.0,3851.33922749896,118.0,1546.4061104441394,69.0,0.0,0.0,9285.662804472724,617.0,2.0,1.0,0.0,0.0,0.0,0.0,0.0,5.0,0.0,0.0,0.0,0.0,0.0,0.0
444,rad_1,False,1,fEHc3cCOu-M,TransformType.NONLINEAR,a_vertebralis_r,task_idx_0225,7.403,True,2.0763085831294794,,,,,0.0,0.0,0.0,0.0,0.0,0.0,0.0,0.0,0.0,0.0,0.0,0.0,0.0,0.0,1.0,0.0,0.0,1.0,0.0,0.0,0.0,0.0,0.0,0.0
445,rad_1,False,1,fEHc3cCOu-M,TransformType.NONLINEAR,a_vertebralis_l,task_idx_0226,5.261,True,2.6663423785856857,,,,,0.0,0.0,0.0,0.0,0.0,0.0,0.0,0.0,0.0,0.0,0.0,0.0,0.0,0.0,0.0,0.0,0.0,1.0,0.0,0.0,0.0,0.0,0.0,0.0
446,rad_1,False,1,fEHc3cCOu-M,TransformType.NONLINEAR,a_carotisexterna_r,task_idx_0227,15.861,True,1.9731108256926104,,,,,0.0,0.0,0.0,1.0,0.0,0.0,0.0,0.0,82.28469515504085,36.0,0.0,1.0,0.0,1.0,0.0,0.0,0.0,1.0,0.0,0.0,0.0,0.0,0.0,0.0
447,rad_1,False,1,fEHc3cCOu-M,TransformType.NONLINEAR,a_carotisexterna_l,task_idx_0228,8.716,True,0.8056512561300595,,,,,0.0,0.0,0.0,0.0,0.0,0.0,0.0,0.0,0.0,0.0,0.0,0.0,0.0,0.0,0.0,0.0,0.0,1.0,0.0,0.0,0.0,0.0,0.0,0.0
448,rad_1,False,1,fEHc3cCOu-M,TransformType.NONLINEAR,lymph_node,task_idx_0229,4.809,,,True,7.37,2.33,,0.0,0.0,0.0,0.0,0.0,0.0,0.0,0.0,0.0,0.0,0.0,0.0,0.0,0.0,0.0,0.0,0.0,1.0,0.0,0.0,0.0,0.0,0.0,0.0
449,rad_1,False,1,fEHc3cCOu-M,TransformType.NONLINEAR,recurrence,task_idx_0230,178.457,,,,,,tn,0.0,0.0,3965.365877588977,103.0,1429.3584316870713,57.0,0.0,0.0,5907.309205624689,415.0,0.0,1.0,0.0,0.0,0.0,0.0,0.0,7.0,0.0,0.0,0.0,0.0,0.0,0.0
450,rad_1,False,1,3dSDmvwSjek,TransformType.NONE,a_vertebralis_r,task_idx_0231,11.017,False,5.307059435693504,,,,,0.0,0.0,0.0,1.0,0.0,0.0,0.0,0.0,198.03092218403717,20.0,0.0,0.0,0.0,0.0,1.0,0.0,0.0,0.0,0.0,0.0,0.0,0.0,0.0,0.0
451,rad_1,False,1,3dSDmvwSjek,TransformType.NONE,a_vertebralis_l,task_idx_0232,16.289,True,3.966863445084186,,,,,0.0,0.0,0.0,1.0,0.0,0.0,0.0,0.0,359.4302860745555,120.0,0.0,0.0,0.0,0.0,0.0,0.0,0.0,0.0,0.0,0.0,0.0,0.0,0.0,0.0
452,rad_1,False,1,3dSDmvwSjek,TransformType.NONE,a_carotisexterna_r,task_idx_0233,27.894,True,1.7622226704028026,,,,,0.0,0.0,1119.5501714135207,25.0,0.0,0.0,0.0,0.0,1490.254686941487,180.0,0.0,1.0,0.0,0.0,1.0,0.0,0.0,0.0,0.0,0.0,0.0,0.0,0.0,0.0
453,rad_1,False,1,3dSDmvwSjek,TransformType.NONE,a_carotisexterna_l,task_idx_0234,6.249,True,1.7618005076558916,,,,,0.0,0.0,0.0,0.0,0.0,0.0,0.0,0.0,0.0,0.0,0.0,0.0,0.0,0.0,0.0,0.0,0.0,0.0,0.0,0.0,0.0,0.0,0.0,0.0
454,rad_1,False,1,3dSDmvwSjek,TransformType.NONE,lymph_node,task_idx_0235,17.343,,,True,22.09,2.7,,0.0,0.0,841.1422836480093,16.0,0.0,0.0,0.0,0.0,2845.1139458390626,86.0,0.0,0.0,0.0,0.0,0.0,0.0,0.0,0.0,0.0,0.0,0.0,0.0,0.0,0.0
455,rad_1,False,1,3dSDmvwSjek,TransformType.NONE,recurrence,task_idx_0236,127.935,,,,,,tn,0.0,0.0,6844.444579148448,118.0,1554.886136652745,66.0,0.0,0.0,17369.854835247334,1106.0,2.0,1.0,0.0,0.0,0.0,0.0,0.0,2.0,0.0,0.0,0.0,0.0,0.0,0.0
456,rad_1,False,1,SzZUcvM5JpU,TransformType.LINEAR,a_vertebralis_r,task_idx_0237,12.254,True,2.8839590487638667,,,,,0.0,0.0,0.0,1.0,0.0,0.0,0.0,0.0,36.655528065296366,17.0,0.0,0.0,0.0,0.0,1.0,0.0,0.0,1.0,0.0,0.0,0.0,0.0,0.0,0.0
457,rad_1,False,1,SzZUcvM5JpU,TransformType.LINEAR,a_vertebralis_l,task_idx_0238,15.154,True,2.3596219798960205,,,,,0.0,0.0,0.0,1.0,0.0,0.0,0.0,0.0,0.0,0.0,0.0,0.0,0.0,0.0,0.0,0.0,0.0,2.0,0.0,0.0,0.0,0.0,0.0,0.0
458,rad_1,False,1,SzZUcvM5JpU,TransformType.LINEAR,a_carotisexterna_r,task_idx_0239,19.063,True,2.477073560742216,,,,,0.0,0.0,939.2528162478964,4.0,54.17035720882919,9.0,0.0,0.0,345.8750314604457,68.0,0.0,1.0,0.0,1.0,0.0,0.0,0.0,1.0,0.0,0.0,0.0,0.0,0.0,0.0
459,rad_1,False,1,SzZUcvM5JpU,TransformType.LINEAR,a_carotisexterna_l,task_idx_0240,13.76,True,2.0688518286890725,,,,,0.0,0.0,0.0,1.0,0.0,0.0,0.0,0.0,219.3889306093343,46.0,0.0,0.0,0.0,0.0,0.0,0.0,0.0,1.0,0.0,0.0,0.0,0.0,0.0,0.0
460,rad_1,False,1,SzZUcvM5JpU,TransformType.LINEAR,lymph_node,task_idx_0241,10.137,,,True,5.32,1.32,,0.0,0.0,0.0,0.0,0.0,0.0,0.0,0.0,0.0,0.0,0.0,0.0,0.0,0.0,0.0,0.0,0.0,1.0,0.0,0.0,0.0,0.0,0.0,0.0
461,rad_1,False,1,SzZUcvM5JpU,TransformType.LINEAR,recurrence,task_idx_0242,84.743,,,,,,fp,0.0,0.0,1198.9712468016885,43.0,698.5176165935661,57.0,0.0,0.0,3137.9677030218068,170.0,1.0,1.0,0.0,0.0,0.0,2.0,0.0,3.0,0.0,0.0,0.0,0.0,0.0,0.0
462,rad_1,False,1,820_BQlC1tI,TransformType.NONE,a_vertebralis_r,task_idx_0243,26.686,False,15.540388974438844,,,,,0.0,0.0,378.6605407613501,10.0,0.0,0.0,0.0,0.0,1987.616679930928,172.0,0.0,0.0,0.0,0.0,1.0,0.0,0.0,0.0,0.0,0.0,0.0,0.0,0.0,0.0
463,rad_1,False,1,820_BQlC1tI,TransformType.NONE,a_vertebralis_l,task_idx_0244,27.344,False,7.890648848427773,,,,,0.0,0.0,91.76055797563568,2.0,0.0,0.0,0.0,0.0,507.3408129476835,180.0,0.0,0.0,0.0,0.0,0.0,0.0,0.0,0.0,0.0,0.0,0.0,0.0,0.0,0.0
464,rad_1,False,1,820_BQlC1tI,TransformType.NONE,a_carotisexterna_r,task_idx_0245,25.184,False,28.893980752884808,,,,,0.0,0.0,1114.5920184564084,23.0,63.901617081219406,7.0,0.0,0.0,1118.0629475061362,171.0,0.0,0.0,1.0,1.0,0.0,0.0,0.0,0.0,0.0,0.0,0.0,0.0,0.0,0.0
465,rad_1,False,1,820_BQlC1tI,TransformType.NONE,a_carotisexterna_l,task_idx_0246,34.524,False,42.58326236311213,,,,,0.0,0.0,616.364140417918,22.0,0.0,0.0,0.0,0.0,2045.828289100265,357.0,0.0,0.0,0.0,0.0,0.0,0.0,0.0,0.0,0.0,0.0,0.0,0.0,0.0,0.0
466,rad_1,False,1,820_BQlC1tI,TransformType.NONE,lymph_node,task_idx_0247,29.139,,,True,0.88,0.61,,0.0,0.0,772.6173675814096,17.0,0.0,0.0,0.0,0.0,1447.486742543149,161.0,1.0,1.0,0.0,0.0,0.0,0.0,0.0,0.0,0.0,0.0,0.0,0.0,0.0,0.0
467,rad_1,False,1,820_BQlC1tI,TransformType.NONE,recurrence,task_idx_0248,83.412,,,,,,fp,0.0,0.0,2817.6905635847565,114.0,1864.07152132629,99.0,0.0,0.0,5704.136020589584,501.0,0.0,0.0,0.0,0.0,0.0,0.0,0.0,1.0,0.0,0.0,0.0,0.0,0.0,0.0
468,rad_1,False,1,6vkfAvGWUPg,TransformType.NONE,a_vertebralis_r,task_idx_0249,28.541,False,17.885314513791357,,,,,0.0,0.0,0.0,1.0,0.0,0.0,0.0,0.0,865.0513177841466,162.0,0.0,0.0,0.0,0.0,1.0,0.0,0.0,0.0,0.0,0.0,0.0,0.0,0.0,0.0
469,rad_1,False,1,6vkfAvGWUPg,TransformType.NONE,a_vertebralis_l,task_idx_0250,9.236,False,9.68356041734388,,,,,0.0,0.0,1.0,2.0,0.0,0.0,0.0,0.0,80.07918117976605,19.0,0.0,0.0,0.0,0.0,0.0,0.0,0.0,0.0,0.0,0.0,0.0,0.0,0.0,0.0
470,rad_1,False,1,6vkfAvGWUPg,TransformType.NONE,a_carotisexterna_r,task_idx_0251,22.861,True,0.5305897178620174,,,,,0.0,0.0,124.37581573412908,5.0,63.447509940746,12.0,0.0,0.0,981.6383488543604,166.0,0.0,1.0,0.0,1.0,0.0,0.0,0.0,0.0,0.0,0.0,0.0,0.0,0.0,0.0
471,rad_1,False,1,6vkfAvGWUPg,TransformType.NONE,a_carotisexterna_l,task_idx_0252,15.743,False,10.112784243826036,,,,,0.0,0.0,76.51463784958229,13.0,0.0,0.0,0.0,0.0,469.26498814030526,107.0,0.0,0.0,0.0,0.0,0.0,0.0,0.0,0.0,0.0,0.0,0.0,0.0,0.0,0.0
472,rad_1,False,1,6vkfAvGWUPg,TransformType.NONE,lymph_node,task_idx_0253,23.263,,,False,25.66,1.89,,0.0,0.0,844.7860184611291,7.0,0.0,0.0,0.0,0.0,814.4178251883784,64.0,0.0,0.0,1.0,1.0,1.0,0.0,0.0,0.0,0.0,0.0,0.0,0.0,0.0,0.0
473,rad_1,False,1,6vkfAvGWUPg,TransformType.NONE,recurrence,task_idx_0254,111.918,,,,,,fp,0.0,0.0,3750.4579591244574,108.0,1639.140828732755,79.0,0.0,0.0,9880.968056153086,697.0,0.0,0.0,0.0,0.0,0.0,1.0,1.0,3.0,0.0,0.0,0.0,0.0,0.0,0.0
474,rad_1,False,1,calibration_4_end_0e5fp8GltvE,TransformType.NONLINEAR,a_vertebralis_r,task_idx_0255,14.832,True,1.161059618202867,,,,,0.0,0.0,0.0,1.0,0.0,0.0,0.0,0.0,39.81379615571165,18.0,0.0,0.0,0.0,0.0,1.0,0.0,0.0,2.0,0.0,0.0,0.0,0.0,0.0,0.0
475,rad_1,False,1,calibration_4_end_0e5fp8GltvE,TransformType.NONLINEAR,a_vertebralis_l,task_idx_0256,9.617,True,2.0026433945530733,,,,,0.0,0.0,0.0,0.0,0.0,0.0,0.0,0.0,0.0,0.0,0.0,0.0,0.0,0.0,0.0,0.0,0.0,1.0,0.0,0.0,0.0,0.0,0.0,0.0
476,rad_1,False,1,calibration_4_end_0e5fp8GltvE,TransformType.NONLINEAR,a_carotisexterna_r,task_idx_0257,13.772,True,2.081190374392428,,,,,0.0,0.0,0.0,0.0,0.0,0.0,0.0,0.0,72.41421356237309,18.0,0.0,1.0,0.0,0.0,1.0,0.0,0.0,1.0,0.0,0.0,0.0,0.0,0.0,0.0
477,rad_1,False,1,calibration_4_end_0e5fp8GltvE,TransformType.NONLINEAR,a_carotisexterna_l,task_idx_0258,5.811,True,1.0417920914693597,,,,,0.0,0.0,0.0,0.0,0.0,0.0,0.0,0.0,0.0,0.0,0.0,0.0,0.0,0.0,0.0,0.0,0.0,1.0,0.0,0.0,0.0,0.0,0.0,0.0
478,rad_1,False,1,calibration_4_end_0e5fp8GltvE,TransformType.NONLINEAR,lymph_node,task_idx_0259,19.627,,,True,7.07,5.45,,0.0,0.0,80.04686840388361,11.0,0.0,0.0,0.0,0.0,69.3869299804374,14.0,0.0,1.0,0.0,0.0,0.0,0.0,0.0,1.0,0.0,0.0,0.0,0.0,0.0,0.0
479,rad_1,False,1,calibration_4_end_0e5fp8GltvE,TransformType.NONLINEAR,recurrence,task_idx_0260,71.79299999999999,,,,,,fp,0.0,0.0,2239.487882928954,71.0,1674.6881317727382,74.0,328.19810629672975,14.0,3031.0019313770604,191.0,0.0,0.0,0.0,0.0,0.0,0.0,0.0,2.0,0.0,0.0,0.0,0.0,0.0,0.0
